"Authors","Author full names","Author(s) ID","Title","Year","Source title","Volume","Issue","Art. No.","Page start","Page end","Page count","Cited by","DOI","Link","Document Type","Publication Stage","Open Access","Source","EID"
"Maiolini R.; Cappa F.; Franco S.; Quaratino G.R.","Maiolini, Riccardo (56185757400); Cappa, Francesco (56574851700); Franco, Stefano (57211944337); Quaratino, Giovanni Raimondo (59206000600)","56185757400; 56574851700; 57211944337; 59206000600","The impact of sustainable development goals in lending-based prosocial crowdfunding: A topic modeling analysis on the kiva platform","2024","International Review of Financial Analysis","95","","103441","","","","1","10.1016/j.irfa.2024.103441","https://www.scopus.com/inward/record.uri?eid=2-s2.0-85197614846&doi=10.1016%2fj.irfa.2024.103441&partnerID=40&md5=110d4c953172a3d622f19274632533c1","Article","Final","","Scopus","2-s2.0-85197614846"
"Kräussl R.; Oladiran T.; Stefanova D.","Kräussl, Roman (8579858300); Oladiran, Tobi (57207843985); Stefanova, Denitsa (56545413600)","8579858300; 57207843985; 56545413600","A review on ESG investing: Investors’ expectations, beliefs and perceptions","2024","Journal of Economic Surveys","38","2","","476","502","26","7","10.1111/joes.12599","https://www.scopus.com/inward/record.uri?eid=2-s2.0-85178452918&doi=10.1111%2fjoes.12599&partnerID=40&md5=88a7410bfa30f1cb2fe8902fd4191572","Article","Final","All Open Access; Hybrid Gold Open Access","Scopus","2-s2.0-85178452918"
"Zhu J.J.; Tuo L.; You Y.; Fei Q.; Thomson M.","Zhu, John JianJun (56818116200); Tuo, Ling (57194133417); You, Yanfen (57212604430); Fei, Qiang (58888087800); Thomson, Matthew (14049522800)","56818116200; 57194133417; 57212604430; 58888087800; 14049522800","A Preemptive and Curative Solution to Mitigate Data Breaches: Corporate Social Responsibility as a Double Layer of Protection","2024","Journal of Marketing Research","61","4","","778","801","23","1","10.1177/00222437231218969","https://www.scopus.com/inward/record.uri?eid=2-s2.0-85185150286&doi=10.1177%2f00222437231218969&partnerID=40&md5=2a9dc9fcd20e5cdc386ca6c112ed1e7f","Article","Final","","Scopus","2-s2.0-85185150286"
"Lukman C.F.; Marcello N.; Andrian T.","Lukman, Callista Florence (59195187900); Marcello, Nicholas (59194993600); Andrian, Tommy (57211446775)","59195187900; 59194993600; 57211446775","Bridging ESG Disclosures and Corporate Financial Performance: A Study on Top-Listed Companies of the ASEAN-5 Countries","2024","International Journal of Sustainability Policy and Practice","20","2","","1","26","25","0","10.18848/2325-1166/CGP/v20i02/1-26","https://www.scopus.com/inward/record.uri?eid=2-s2.0-85197065716&doi=10.18848%2f2325-1166%2fCGP%2fv20i02%2f1-26&partnerID=40&md5=c45ff8902822495ce85bf1ddd777e592","Article","Final","","Scopus","2-s2.0-85197065716"
"Fröberg E.; Kolesova S.; Rosengren S.","Fröberg, Emelie (57044766500); Kolesova, Svetlana (57211683900); Rosengren, Sara (15122957700)","57044766500; 57211683900; 15122957700","Does the Label Fit the Channel? How “Bricks” and “Clicks” Influence Demand for Environmental and Social Sustainability Labels","2024","Journal of Service Research","27","1","","124","140","16","3","10.1177/10946705231198027","https://www.scopus.com/inward/record.uri?eid=2-s2.0-85169554635&doi=10.1177%2f10946705231198027&partnerID=40&md5=503f7e29f55b46ae2134a8745b525937","Article","Final","All Open Access; Hybrid Gold Open Access","Scopus","2-s2.0-85169554635"
"Lee H.J.","Lee, Hyuck Jin (57698962300)","57698962300","Does corporate ESG, an essential factor for overcoming the climate crisis, affect sustainability: The effects of psychological distance and purchase intention","2024","Business Strategy and the Environment","","","","","","","0","10.1002/bse.3945","https://www.scopus.com/inward/record.uri?eid=2-s2.0-85202934475&doi=10.1002%2fbse.3945&partnerID=40&md5=b3da24d1a826c520841eee7f884e4a2c","Article","Article in press","All Open Access; Hybrid Gold Open Access","Scopus","2-s2.0-85202934475"
"Ergen Keleş F.H.; Keleş E.; Schlegelmilch B.B.","Ergen Keleş, Fatma Hilal (58034085300); Keleş, Emrah (57218766397); Schlegelmilch, Bodo B. (55892979600)","58034085300; 57218766397; 55892979600","Corporate social responsibility news and stock performance: A systematic literature review","2023","Borsa Istanbul Review","23","2","","443","463","20","2","10.1016/j.bir.2022.11.017","https://www.scopus.com/inward/record.uri?eid=2-s2.0-85145005746&doi=10.1016%2fj.bir.2022.11.017&partnerID=40&md5=e0f1719264acedee23423cc8059371b5","Review","Final","All Open Access; Gold Open Access","Scopus","2-s2.0-85145005746"
"Samwick A.A.; Wang S.","Samwick, Andrew A. (6602139266); Wang, Sophie (58892132800)","6602139266; 58892132800","Corporate social responsibility and voting over public goods","2024","Global Finance Journal","60","","100940","","","","0","10.1016/j.gfj.2024.100940","https://www.scopus.com/inward/record.uri?eid=2-s2.0-85185313279&doi=10.1016%2fj.gfj.2024.100940&partnerID=40&md5=e7be4f7c8036a2eaa4a73179bdf22c9f","Article","Final","","Scopus","2-s2.0-85185313279"
"Dinh J.M.; Isaak A.J.; Yahyaoui Y.","Dinh, Jeannette Mai (57934936300); Isaak, Andrew Jay (57041086800); Yahyaoui, Yasmine (58081828200)","57934936300; 57041086800; 58081828200","Investing for good – Uncovering crowd investors' motivations to participate in sustainability-oriented crowdlending","2024","Technological Forecasting and Social Change","207","","123584","","","","0","10.1016/j.techfore.2024.123584","https://www.scopus.com/inward/record.uri?eid=2-s2.0-85198978262&doi=10.1016%2fj.techfore.2024.123584&partnerID=40&md5=41e320fb0f7c17f2ed0208b627a13323","Article","Final","","Scopus","2-s2.0-85198978262"
"Dahlman S.","Dahlman, Sara (57224640080)","57224640080","Tinkering Toward the Good––Sustainable Investing Between Utopian Imaginaries and Actualizations","2023","Journal of Business Ethics","185","2","","281","297","16","3","10.1007/s10551-022-05217-8","https://www.scopus.com/inward/record.uri?eid=2-s2.0-85135469514&doi=10.1007%2fs10551-022-05217-8&partnerID=40&md5=37f4b281d89563e683e4f624b0d98195","Article","Final","","Scopus","2-s2.0-85135469514"
"Siqueira Junior J.R.; ter Horst E.; Molina G.; Gunn L.H.; Reinoso-Carvalho F.; Sezen B.; Peña-García N.","Siqueira Junior, Jose Ribamar (57194709751); ter Horst, Enrique (25655619900); Molina, German (15728099800); Gunn, Laura H. (7003638901); Reinoso-Carvalho, Felipe (56815110100); Sezen, Burcu (57221337390); Peña-García, Nathalie (57202849705)","57194709751; 25655619900; 15728099800; 7003638901; 56815110100; 57221337390; 57202849705","Branding in the eye of the storm: the impact of brand ethical behavior on brand commitment during the COVID-19 crisis in a South American country","2023","Journal of Marketing Analytics","11","1","","95","115","20","6","10.1057/s41270-022-00188-1","https://www.scopus.com/inward/record.uri?eid=2-s2.0-85139672903&doi=10.1057%2fs41270-022-00188-1&partnerID=40&md5=1ffcd9df49a8d2ef7cd7c0c267e33bee","Article","Final","All Open Access; Hybrid Gold Open Access","Scopus","2-s2.0-85139672903"
"Cheng X.; Feng C.","Cheng, Xi (58296357300); Feng, Chao (56226024600)","58296357300; 56226024600","Does environmental information disclosure affect corporate cash flow? An analysis by taking media attentions into consideration","2023","Journal of Environmental Management","342","","118295","","","","10","10.1016/j.jenvman.2023.118295","https://www.scopus.com/inward/record.uri?eid=2-s2.0-85160803369&doi=10.1016%2fj.jenvman.2023.118295&partnerID=40&md5=29f970babfd85724c62183c39f2f21da","Article","Final","","Scopus","2-s2.0-85160803369"
"Kim H.","Kim, Hajin (57222144830)","57222144830","Expecting Corporate Prosociality","2024","Journal of Legal Studies","53","2","","267","296","29","0","10.1086/727465","https://www.scopus.com/inward/record.uri?eid=2-s2.0-85204946517&doi=10.1086%2f727465&partnerID=40&md5=e1ae2961613377884b55970232a1e0de","Article","Final","","Scopus","2-s2.0-85204946517"
"Kim S.; Park K.; Shrum L.J.","Kim, Sukhyun (57455579500); Park, Kiwan (56164669500); Shrum, L.J. (6603735772)","57455579500; 56164669500; 6603735772","Cause-related marketing of luxury brands: Nudging materialists to act prosocially","2022","Psychology and Marketing","39","6","","1204","1217","13","12","10.1002/mar.21648","https://www.scopus.com/inward/record.uri?eid=2-s2.0-85124766065&doi=10.1002%2fmar.21648&partnerID=40&md5=d717f042bf650ed59343c95bfec34c34","Article","Final","","Scopus","2-s2.0-85124766065"
"Nakagawa K.; Kosaka G.","Nakagawa, Koichi (56982304200); Kosaka, Genjiro (57206022559)","56982304200; 57206022559","What social issues do people invest in? An examination based on the empathy–altruism hypothesis of prosocial crowdfunding platforms","2022","Technovation","114","","102508","","","","10","10.1016/j.technovation.2022.102508","https://www.scopus.com/inward/record.uri?eid=2-s2.0-85128642555&doi=10.1016%2fj.technovation.2022.102508&partnerID=40&md5=5b1bf28d023e8c7062214613b763921b","Article","Final","","Scopus","2-s2.0-85128642555"
"Gevorkova V.; Sangiorgi I.; Vogt J.","Gevorkova, Victoria (58784769900); Sangiorgi, Ivan (57200177040); Vogt, Julia (24178913400)","58784769900; 57200177040; 24178913400","Cleansing Investor’s Conscience: The Effects of Incidental Guilt on Socially Responsible Investment Decisions","2024","Journal of Business Ethics","193","1","","89","114","25","1","10.1007/s10551-023-05585-9","https://www.scopus.com/inward/record.uri?eid=2-s2.0-85180837149&doi=10.1007%2fs10551-023-05585-9&partnerID=40&md5=31d78fcfc453dc5c9ced84af0a31734d","Article","Final","All Open Access; Hybrid Gold Open Access","Scopus","2-s2.0-85180837149"
"Ielasi F.; Bellucci M.; Biggeri M.; Ferrone L.","Ielasi, Federica (56491124800); Bellucci, Marco (55022333200); Biggeri, Mario (6507809789); Ferrone, Lucia (56439927200)","56491124800; 55022333200; 6507809789; 56439927200","Measuring banks' sustainability performances: The BESGI score","2023","Environmental Impact Assessment Review","102","","107216","","","","3","10.1016/j.eiar.2023.107216","https://www.scopus.com/inward/record.uri?eid=2-s2.0-85165885913&doi=10.1016%2fj.eiar.2023.107216&partnerID=40&md5=6715a7777b2b11dcef1763f00d9a5324","Article","Final","All Open Access; Hybrid Gold Open Access","Scopus","2-s2.0-85165885913"
"Yu W.; Liao X.; Ji S.; Cui F.","Yu, Weiping (55321034600); Liao, Xin (59215552300); Ji, Siyu (57311743400); Cui, Fasheng (57208050884)","55321034600; 59215552300; 57311743400; 57208050884","Green rewards vs. non-green rewards? The impact of hotel marketing incentives on guests’ green consumption intentions","2024","Journal of Sustainable Tourism","","","","","","","0","10.1080/09669582.2024.2378190","https://www.scopus.com/inward/record.uri?eid=2-s2.0-85198341961&doi=10.1080%2f09669582.2024.2378190&partnerID=40&md5=126d6a1029e7b44faa31558b13f9db0a","Article","Article in press","","Scopus","2-s2.0-85198341961"
"Butz B.; Alvarez P.G.; Harbring C.","Butz, Britta (57214726104); Alvarez, Pablo Guillen (55940375300); Harbring, Christine (11140938400)","57214726104; 55940375300; 11140938400","Incentives for cooperation in groups: sociality meets decision rights","2024","Review of Managerial Science","18","10","","2925","2951","26","0","10.1007/s11846-023-00698-x","https://www.scopus.com/inward/record.uri?eid=2-s2.0-85171996280&doi=10.1007%2fs11846-023-00698-x&partnerID=40&md5=5280c8ffcc99f4387405d83419baab08","Article","Final","All Open Access; Hybrid Gold Open Access","Scopus","2-s2.0-85171996280"
"Kabderian Dreyer J.; Moreira M.; Smith W.T.; Sharma V.","Kabderian Dreyer, Johannes (55752639900); Moreira, Mateus (58038015200); Smith, William T. (7406470124); Sharma, Vivek (57200197617)","55752639900; 58038015200; 7406470124; 57200197617","Do environmental, social and governance practices affect portfolio returns? Evidence from the US stock market from 2002 to 2020","2023","Review of Accounting and Finance","22","1","","37","61","24","11","10.1108/RAF-02-2022-0046","https://www.scopus.com/inward/record.uri?eid=2-s2.0-85145322004&doi=10.1108%2fRAF-02-2022-0046&partnerID=40&md5=bb46468fba2215490169820e7523325d","Article","Final","","Scopus","2-s2.0-85145322004"
"Alatawi I.A.; Ntim C.G.; Zras A.; Elmagrhi M.H.","Alatawi, Ibrahim A. (58942398500); Ntim, Collins G. (54790062200); Zras, Anis (58479766800); Elmagrhi, Mohamed H. (57190120255)","58942398500; 54790062200; 58479766800; 57190120255","CSR, financial and non-financial performance in the tourism sector: A systematic literature review and future research agenda","2023","International Review of Financial Analysis","89","","102734","","","","59","10.1016/j.irfa.2023.102734","https://www.scopus.com/inward/record.uri?eid=2-s2.0-85164319210&doi=10.1016%2fj.irfa.2023.102734&partnerID=40&md5=44669271bc2547c6352640894000fabf","Review","Final","All Open Access; Hybrid Gold Open Access","Scopus","2-s2.0-85164319210"
"Noda A.","Noda, Akihiro (57717945800)","57717945800","Quality choices in corporate social responsibility reporting under heterogeneous investor preferences","2024","Journal of Accounting and Public Policy","47","","107228","","","","0","10.1016/j.jaccpubpol.2024.107228","https://www.scopus.com/inward/record.uri?eid=2-s2.0-85200944817&doi=10.1016%2fj.jaccpubpol.2024.107228&partnerID=40&md5=7676d5b91f97e3cbc4bac5ecce816cbc","Article","Final","","Scopus","2-s2.0-85200944817"
"He F.; Liu G.; Hao J.; Li Y.","He, Feng (55183318600); Liu, Guanchun (56796898800); Hao, Jing (57202854850); Li, Youwei (55876099300)","55183318600; 56796898800; 57202854850; 55876099300","CSR performance and firm idiosyncratic risk in a data-rich environment: The role of retail investor attention","2023","Journal of International Financial Markets, Institutions and Money","89","","101877","","","","16","10.1016/j.intfin.2023.101877","https://www.scopus.com/inward/record.uri?eid=2-s2.0-85178178714&doi=10.1016%2fj.intfin.2023.101877&partnerID=40&md5=5f8336765cdc006eb4bb6c5e6c3b86c2","Article","Final","","Scopus","2-s2.0-85178178714"
"Ergen Keleş F.H.; Keleş E.","Ergen Keleş, Fatma Hilal (58034085300); Keleş, Emrah (57218766397)","58034085300; 57218766397","Resilience in service firms: the impact of social capital on firm performance during turmoil","2023","Marketing Intelligence and Planning","41","7","","970","991","21","2","10.1108/MIP-04-2023-0156","https://www.scopus.com/inward/record.uri?eid=2-s2.0-85168368716&doi=10.1108%2fMIP-04-2023-0156&partnerID=40&md5=dfee33e67175d7f4d14d6cd5e52f1125","Article","Final","","Scopus","2-s2.0-85168368716"
"Soares Júnior A.P.; Espanhol C.A.; Mainardes E.W.; Sepulcri L.M.C.B.","Soares Júnior, Atílio Peixoto (57199730460); Espanhol, Cintia Araujo (57219228398); Mainardes, Emerson Wagner (35764807800); Sepulcri, Lara Mendes Christ Bonella (57211854760)","57199730460; 57219228398; 35764807800; 57211854760","Social Value of Marketing: A Bibliometric Analysis","2024","Journal of Nonprofit and Public Sector Marketing","","","","","","","0","10.1080/10495142.2024.2353382","https://www.scopus.com/inward/record.uri?eid=2-s2.0-85193081136&doi=10.1080%2f10495142.2024.2353382&partnerID=40&md5=41e494bc66240146d88541ee63ff4cf0","Article","Article in press","","Scopus","2-s2.0-85193081136"
"Li Y.; Li Q.; Yu B.; Mou H.; Yang X.; Xia D.","Li, Yingji (57219873918); Li, Qiang (57219872348); Yu, Bo (59119832900); Mou, Hongyi (58482607000); Yang, Xin (58482778800); Xia, Dongmei (57384711700)","57219873918; 57219872348; 59119832900; 58482607000; 58482778800; 57384711700","A Study of the Relationship Between Perceived Class Mobility, Philanthropic Sentiment and Consumer Online Giving Behavior Intention","2023","Psychology Research and Behavior Management","16","","","2455","2468","13","1","10.2147/PRBM.S410876","https://www.scopus.com/inward/record.uri?eid=2-s2.0-85164486028&doi=10.2147%2fPRBM.S410876&partnerID=40&md5=a51c1e535c712199368fe1828fc27ed4","Article","Final","All Open Access; Gold Open Access","Scopus","2-s2.0-85164486028"
"Tatarnikova O.; Duchêne S.; Sentis P.; Willinger M.","Tatarnikova, Olga (57884550100); Duchêne, Sébastien (57210832482); Sentis, Patrick (26641379700); Willinger, Marc (56230496800)","57884550100; 57210832482; 26641379700; 56230496800","Portfolio instability and socially responsible investment: Experiments with financial professionals and students","2023","Journal of Economic Dynamics and Control","153","","104702","","","","1","10.1016/j.jedc.2023.104702","https://www.scopus.com/inward/record.uri?eid=2-s2.0-85165287437&doi=10.1016%2fj.jedc.2023.104702&partnerID=40&md5=f6c06cd6a244b86eb65ea6ff92d4e083","Article","Final","All Open Access; Green Open Access","Scopus","2-s2.0-85165287437"
"Zhang Z.; Chen Y.; Shan Z.","Zhang, Zihan (59352729300); Chen, Yongheng (57211693386); Shan, Zhiwen (59353572100)","59352729300; 57211693386; 59353572100","The effect and mediating mechanism of environmental, social, and governance information disclosure on sustainable growth rate: evidence from China","2024","Environment, Development and Sustainability","","","","","","","0","10.1007/s10668-024-05459-8","https://www.scopus.com/inward/record.uri?eid=2-s2.0-85205543895&doi=10.1007%2fs10668-024-05459-8&partnerID=40&md5=4101ca99f4b6fb4b4f0417dd92227842","Article","Article in press","","Scopus","2-s2.0-85205543895"
"Fioretti M.","Fioretti, Michele (56506738300)","56506738300","Caring or Pretending to Care? Social Impact, Firms’ Objectives, and Welfare","2022","Journal of Political Economy","130","11","","2898","2942","44","1","10.1086/720459","https://www.scopus.com/inward/record.uri?eid=2-s2.0-85140902571&doi=10.1086%2f720459&partnerID=40&md5=1a371b3aff96b4ce43c077b1e3407502","Article","Final","All Open Access; Green Open Access","Scopus","2-s2.0-85140902571"
"Yang Y.; Xiao Z.; Gong Y.; al Humdan E.","Yang, Yang (57207891266); Xiao, Zheng (57395125100); Gong, Yu (57191418413); al Humdan, Eias (59001601800)","57207891266; 57395125100; 57191418413; 59001601800","The tone of buyer firms' annual reports and suppliers' green innovation: The spillover effects in the supply chain","2024","Business Strategy and the Environment","","","","","","","0","10.1002/bse.3773","https://www.scopus.com/inward/record.uri?eid=2-s2.0-85191357388&doi=10.1002%2fbse.3773&partnerID=40&md5=7530a068365c4e6a4f5ca5f3577c42bd","Article","Article in press","All Open Access; Hybrid Gold Open Access","Scopus","2-s2.0-85191357388"
"Zhou S.","Zhou, Shan (55648845500)","55648845500","Reporting and Assurance of Climate-Related and Other Sustainability Information: A Review of Research and Practice","2022","Australian Accounting Review","32","3","","315","333","18","22","10.1111/auar.12387","https://www.scopus.com/inward/record.uri?eid=2-s2.0-85138705171&doi=10.1111%2fauar.12387&partnerID=40&md5=28be72462e77352e4b9a0aa3b65a3d61","Review","Final","All Open Access; Hybrid Gold Open Access","Scopus","2-s2.0-85138705171"
"Dang X.; Wang S.; Deng X.; Zhang N.; Mao H.; Wang X.","Dang, Xiaoxu (58133021900); Wang, Shihui (57880829500); Deng, Xiaopeng (23388169700); Zhang, Na (57209196234); Mao, Hongtao (57783612300); Wang, Xiaowei (57214725618)","58133021900; 57880829500; 23388169700; 57209196234; 57783612300; 57214725618","The Influence of CSR to Financial Performance in International Engineering Contracting Enterprises: Evidence from China","2024","KSCE Journal of Civil Engineering","28","6","","2105","2120","15","1","10.1007/s12205-024-0914-x","https://www.scopus.com/inward/record.uri?eid=2-s2.0-85187136772&doi=10.1007%2fs12205-024-0914-x&partnerID=40&md5=b95aaf45fd3709932abf69e84b7531f3","Article","Final","","Scopus","2-s2.0-85187136772"
"Kiflee A.K.R.; Hasbullah N.N.; Idris N.H.; Harun H.; Bakar M.H.; Anwar S.","Kiflee, Ag Kaifah Riyard (59347147100); Hasbullah, Nornajihah Nadia (57216148170); Idris, Nur Hafidzah (57193241370); Harun, Hazalinda (59011849000); Bakar, Mohd Hafiz (57204888705); Anwar, Saiful (59347281300)","59347147100; 57216148170; 57193241370; 59011849000; 57204888705; 59347281300","A BIBLIOMETRIC ANALYSIS OF ENVIRONMENTAL, SOCIAL, GOVERNANCE (ESG) AND FIRM PERFORMANCE: A PATHWAY TO ADVANCING SDG MOVEMENT","2024","Journal of Lifestyle and SDG'S Review","4","2","e01977","","","","0","10.47172/2965-730X.SDGsReview.v4.n02.pe01977","https://www.scopus.com/inward/record.uri?eid=2-s2.0-85205243437&doi=10.47172%2f2965-730X.SDGsReview.v4.n02.pe01977&partnerID=40&md5=2e29deccaa9f951c4b522282d8f6be38","Article","Final","","Scopus","2-s2.0-85205243437"
"Kuo A.; Chien D.; Kao M.-S.","Kuo, Anthony (48461410300); Chien, Donna (59202764500); Kao, Ming-Sung (36124920100)","48461410300; 59202764500; 36124920100","Interplay of national and firm environmental, social, and governance performances: Reshaping multinational enterprises' employer attractiveness across home and host countries","2024","Corporate Social Responsibility and Environmental Management","","","","","","","0","10.1002/csr.2899","https://www.scopus.com/inward/record.uri?eid=2-s2.0-85197407689&doi=10.1002%2fcsr.2899&partnerID=40&md5=dbfdc9159564647bfef585629e41187d","Article","Article in press","","Scopus","2-s2.0-85197407689"
"Phung T.-B.; Nguyen T.N.; Nguyen D.V.P.; Han L.Y.N.; Dinh T.T.T.","Phung, Thanh-Binh (56367743200); Nguyen, Thuy Nhi (59213683600); Nguyen, Doan Viet Phuong (58202486100); Han, Le Yen Nhi (59213881100); Dinh, Thi Thuy Trang (59213816700)","56367743200; 59213683600; 58202486100; 59213881100; 59213816700","The Impact of Corporate Social Responsibility, Moral Emotions, and Customers' Altruism on Brand Advocacy Behaviors: Evidence from Vietnam","2024","Southeast Asian Journal of Economics","12","1","","186","234","48","0","","https://www.scopus.com/inward/record.uri?eid=2-s2.0-85198218404&partnerID=40&md5=eba2fba7e6448d6f42c592c3e5c57765","Article","Final","","Scopus","2-s2.0-85198218404"
"Ma T.","Ma, Teng (58260560400)","58260560400","Adoption of abatement technology in an uncertain world: An experiment","2024","Journal of Economic Behavior and Organization","225","","","51","87","36","0","10.1016/j.jebo.2024.06.010","https://www.scopus.com/inward/record.uri?eid=2-s2.0-85198563715&doi=10.1016%2fj.jebo.2024.06.010&partnerID=40&md5=85d570469532f0a2585dc2a8c4ff5e4f","Article","Final","","Scopus","2-s2.0-85198563715"
"Leisen Pollack B.","Leisen Pollack, Birgit (56616400300)","56616400300","Green Inspired Service Consumption: The Gen Z Consumer’s Perspective","2023","Services Marketing Quarterly","44","2-3","","206","226","20","0","10.1080/15332969.2023.2213547","https://www.scopus.com/inward/record.uri?eid=2-s2.0-85159680519&doi=10.1080%2f15332969.2023.2213547&partnerID=40&md5=d7ecf25c95036013709c7d4ff3b2a3ab","Article","Final","","Scopus","2-s2.0-85159680519"
"Hong G.; Cho H.E.; Kim J.; Shin J.","Hong, Gahye (57193993323); Cho, Hyo Eun (57217301663); Kim, Juhee (59156987500); Shin, Jiyoung (57201909670)","57193993323; 57217301663; 59156987500; 57201909670","What is the role of national media environments in shaping the impact of CSR on a firm’s performance?","2024","Multinational Business Review","","","","","","","0","10.1108/MBR-12-2022-0212","https://www.scopus.com/inward/record.uri?eid=2-s2.0-85195220925&doi=10.1108%2fMBR-12-2022-0212&partnerID=40&md5=14ce7dfd149ae111d25c1b8e996d53f4","Article","Article in press","","Scopus","2-s2.0-85195220925"
"Krahnen J.; Rocholl J.; Thum M.","Krahnen, Jan (6603130563); Rocholl, Jörg (24484948000); Thum, Marcel (6603867288)","6603130563; 24484948000; 6603867288","Green Finance: From Wishful Thinking to Marginal Impact","2023","CESifo Forum","24","1","","8","12","4","0","","https://www.scopus.com/inward/record.uri?eid=2-s2.0-85151945043&partnerID=40&md5=581a7331a196ac6b300430facd8de1b6","Article","Final","","Scopus","2-s2.0-85151945043"
"Fang X.","Fang, Xing (57933302800)","57933302800","Can digital finance promote individuals’ charitable giving? Empirical evidence from China","2023","Computers in Human Behavior","145","","107768","","","","4","10.1016/j.chb.2023.107768","https://www.scopus.com/inward/record.uri?eid=2-s2.0-85151573192&doi=10.1016%2fj.chb.2023.107768&partnerID=40&md5=0d7a10dfb8b931f75be093363e4287c1","Article","Final","","Scopus","2-s2.0-85151573192"
"Kacanski S.; Dreyer J.K.; Sund K.J.","Kacanski, Slobodan (57211459423); Dreyer, Johannes Kabderian (55752639900); Sund, Kristian J. (56608053700)","57211459423; 55752639900; 56608053700","Preface","2023","Ethical Economy","64","","","v","vii","","0","","https://www.scopus.com/inward/record.uri?eid=2-s2.0-85151916747&partnerID=40&md5=2616fd3dfbec3ae5ef5d58a635f3f8cd","Editorial","Final","","Scopus","2-s2.0-85151916747"
"Kabderian Dreyer J.; Sharma V.; Smith W.","Kabderian Dreyer, Johannes (55752639900); Sharma, Vivek (57200197617); Smith, William (7406470124)","55752639900; 57200197617; 7406470124","Warm-glow investment and the underperformance of green stocks","2023","International Review of Economics and Finance","83","","","546","570","24","8","10.1016/j.iref.2022.10.006","https://www.scopus.com/inward/record.uri?eid=2-s2.0-85139859634&doi=10.1016%2fj.iref.2022.10.006&partnerID=40&md5=eb4e8ce8791635465a207f93a0e95d83","Article","Final","All Open Access; Green Open Access","Scopus","2-s2.0-85139859634"
"Chang Q.; Kong C.; Jin S.","Chang, Qindong (59347312300); Kong, Can (59347718900); Jin, Shanyue (57211458169)","59347312300; 59347718900; 57211458169","Exploring the Impact of Digital Transformation on Corporate Violations in China’s A-Share Market","2024","Systems","12","9","322","","","","0","10.3390/systems12090322","https://www.scopus.com/inward/record.uri?eid=2-s2.0-85205242975&doi=10.3390%2fsystems12090322&partnerID=40&md5=54209dabcf758db5b0b9e4a0fcd1aa04","Article","Final","All Open Access; Gold Open Access","Scopus","2-s2.0-85205242975"
"Heeb F.; Kölbel J.F.; Paetzold F.; Zeisberger S.","Heeb, Florian (55345341000); Kölbel, Julian F. (57207671509); Paetzold, Falko (56449360300); Zeisberger, Stefan (16310977700)","55345341000; 57207671509; 56449360300; 16310977700","Do Investors Care about Impact?","2023","Review of Financial Studies","36","5","","1737","1787","50","42","10.1093/rfs/hhac066","https://www.scopus.com/inward/record.uri?eid=2-s2.0-85160249734&doi=10.1093%2frfs%2fhhac066&partnerID=40&md5=ab6dd2907a7d0c5e147a08db2a91a453","Conference paper","Final","All Open Access; Green Open Access","Scopus","2-s2.0-85160249734"
"Sharma S.; Ranaut A.","Sharma, Sumit (59313520000); Ranaut, Akhilesh (59313544700)","59313520000; 59313544700","A Proposed Framework for Corporate Socially Responsible Sustainable Growth Using Block Chain ISM MICMAC Approach","2024","2nd International Conference on Sustainable Computing and Smart Systems, ICSCSS 2024 - Proceedings","","","","507","510","3","0","10.1109/ICSCSS60660.2024.10625512","https://www.scopus.com/inward/record.uri?eid=2-s2.0-85203107182&doi=10.1109%2fICSCSS60660.2024.10625512&partnerID=40&md5=79d22bb74ecb9494de7178663a666665","Conference paper","Final","","Scopus","2-s2.0-85203107182"
"Yu X.; Huang H.; Liu S.Q.; Wu L.L.","Yu, Xi (57219258801); Huang, Huiling (57211471825); Liu, Stephanie Q. (56579451500); Wu, Laurie Luorong (57213163431)","57219258801; 57211471825; 56579451500; 57213163431","First-Person Pronouns in Sustainable Marketing","2024","Journal of Travel Research","","","","","","","0","10.1177/00472875241277489","https://www.scopus.com/inward/record.uri?eid=2-s2.0-85204806296&doi=10.1177%2f00472875241277489&partnerID=40&md5=6b7ecf12e195b3b095c12072e5878c25","Article","Article in press","","Scopus","2-s2.0-85204806296"
"Banjongprasert J.","Banjongprasert, Jantima (57194159375)","57194159375","Online social enterprise customer behaviour: influences of e-commerce, social media, and altruism on online impulsive buying","2024","Cogent Business and Management","11","1","2370423","","","","0","10.1080/23311975.2024.2370423","https://www.scopus.com/inward/record.uri?eid=2-s2.0-85197427166&doi=10.1080%2f23311975.2024.2370423&partnerID=40&md5=cbe5c8861903c260d5be08932decee12","Article","Final","All Open Access; Gold Open Access","Scopus","2-s2.0-85197427166"
"Zimon G.; Arianpoor A.; Salehi M.","Zimon, Grzegorz (57205286781); Arianpoor, Arash (57219163409); Salehi, Mahdi (57189446351)","57205286781; 57219163409; 57189446351","Sustainability Reporting and Corporate Reputation: The Moderating Effect of CEO Opportunistic Behavior","2022","Sustainability (Switzerland)","14","3","1257","","","","61","10.3390/su14031257","https://www.scopus.com/inward/record.uri?eid=2-s2.0-85123356159&doi=10.3390%2fsu14031257&partnerID=40&md5=e24e4eefb76b3cb77353d321971d9873","Article","Final","All Open Access; Gold Open Access","Scopus","2-s2.0-85123356159"
"Hart O.; Thesmar D.; Zingales L.","Hart, Oliver (6701542800); Thesmar, David (24377125300); Zingales, Luigi (7004110147)","6701542800; 24377125300; 7004110147","Private sanctions","2024","Economic Policy","39","117","","203","268","65","2","10.1093/epolic/eiad041","https://www.scopus.com/inward/record.uri?eid=2-s2.0-85188787562&doi=10.1093%2fepolic%2feiad041&partnerID=40&md5=88e04977f3ba03e83aa7495aa4370319","Article","Final","","Scopus","2-s2.0-85188787562"
"Kleffel P.; Muck M.","Kleffel, Philipp (57983252400); Muck, Matthias (35237708500)","57983252400; 35237708500","Aggregate confusion or inner conflict? An experimental analysis of investors’ reaction to greenwashing","2023","Finance Research Letters","53","","103421","","","","10","10.1016/j.frl.2022.103421","https://www.scopus.com/inward/record.uri?eid=2-s2.0-85142700748&doi=10.1016%2fj.frl.2022.103421&partnerID=40&md5=8cabe0769fa92f8cbe631295b847323b","Article","Final","","Scopus","2-s2.0-85142700748"
"Park Y.-N.; Shin M.","Park, Yun-Na (57205680975); Shin, Minjung (57211537842)","57205680975; 57211537842","Effect of customers’ subjective knowledge on accepting ESG (environmental, social, governance) activities in the hospitality industry","2024","Journal of Travel and Tourism Marketing","41","1","","51","67","16","5","10.1080/10548408.2023.2269975","https://www.scopus.com/inward/record.uri?eid=2-s2.0-85184463644&doi=10.1080%2f10548408.2023.2269975&partnerID=40&md5=506b2c4182e85dd06dc98a62bf7b40d0","Article","Final","","Scopus","2-s2.0-85184463644"
"Schiessl D.; Korelo J.C.; Mussi Szabo Cherobim A.P.","Schiessl, Djonata (57320099200); Korelo, José Carlos (37107761800); Mussi Szabo Cherobim, Ana Paula (55612220000)","57320099200; 37107761800; 55612220000","Corporate social responsibility and the impact on economic value added: the role of environmental innovation","2022","European Business Review","34","3","","396","410","14","19","10.1108/EBR-03-2021-0071","https://www.scopus.com/inward/record.uri?eid=2-s2.0-85123367862&doi=10.1108%2fEBR-03-2021-0071&partnerID=40&md5=27a8b5e8a637dda8e62ce436904923e5","Article","Final","","Scopus","2-s2.0-85123367862"
"Anita M.; Shveta S.; Yadav Surendra S.; Arvind M.","Anita, Mendiratta (57808921000); Shveta, Singh (57281462400); Yadav Surendra, S. (7201888744); Arvind, Mahajan (7102402220)","57808921000; 57281462400; 7201888744; 7102402220","When do ESG controversies reduce firm value in India?","2023","Global Finance Journal","55","","100809","","","","24","10.1016/j.gfj.2023.100809","https://www.scopus.com/inward/record.uri?eid=2-s2.0-85146138291&doi=10.1016%2fj.gfj.2023.100809&partnerID=40&md5=048f9662972ab7afda57e3ce85dd0aa0","Article","Final","","Scopus","2-s2.0-85146138291"
"Kabderian Dreyer J.; Smith W.","Kabderian Dreyer, Johannes (55752639900); Smith, William (7406470124)","55752639900; 7406470124","Proportional warm-glow theory and asset pricing","2024","Journal of Behavioral and Experimental Finance","41","","100859","","","","1","10.1016/j.jbef.2023.100859","https://www.scopus.com/inward/record.uri?eid=2-s2.0-85177838110&doi=10.1016%2fj.jbef.2023.100859&partnerID=40&md5=5be50cffb9be60cbf728944502b39259","Article","Final","All Open Access; Hybrid Gold Open Access","Scopus","2-s2.0-85177838110"
"Zhu N.; Khan T.M.; Khan T.","Zhu, Naiping (36987290300); Khan, Talat Mehmood (57216390390); Khan, Tehmina (54882581500)","36987290300; 57216390390; 54882581500","The influential ambit of optimal corporate social responsibility investments on the cost of capital in Chinese private firms","2024","Sustainable Development","32","5","","5090","5103","13","0","10.1002/sd.2949","https://www.scopus.com/inward/record.uri?eid=2-s2.0-85187487607&doi=10.1002%2fsd.2949&partnerID=40&md5=e40e11314cb49c16dac576913f075dfc","Article","Final","","Scopus","2-s2.0-85187487607"
"Hou W.; Zhang X.","Hou, Wenxuan (37101627700); Zhang, Xiaoyu (57372918200)","37101627700; 57372918200","Do passive investors influence corporate social responsibility? A risk-management perspective","2024","International Review of Finance","","","","","","","0","10.1111/irfi.12466","https://www.scopus.com/inward/record.uri?eid=2-s2.0-85201662065&doi=10.1111%2firfi.12466&partnerID=40&md5=67de393a8be3b36ad864d4300c3bdcd1","Article","Article in press","All Open Access; Hybrid Gold Open Access","Scopus","2-s2.0-85201662065"
"Ang J.; Boyer C.M.","Ang, James (22937025300); Boyer, Carol Marie (7202036027)","22937025300; 7202036027","Corporate Ownership of Fine Art: Firm Valuation, Societal Impacts, and Philanthropy","2023","Journal of Wealth Management","26","2","","83","96","13","0","10.3905/JWM.2023.1.216","https://www.scopus.com/inward/record.uri?eid=2-s2.0-85169917280&doi=10.3905%2fJWM.2023.1.216&partnerID=40&md5=e72cf5d1d6639e51bbd8322da8c8c36f","Article","Final","","Scopus","2-s2.0-85169917280"
"Khalil M.K.; Khalil R.","Khalil, Muhammad Khuram (57204598222); Khalil, Rashid (57206231721)","57204598222; 57206231721","Leveraging Buyers’ Interest in ESG Investments through Sustainability Awareness","2022","Sustainability (Switzerland)","14","21","14278","","","","11","10.3390/su142114278","https://www.scopus.com/inward/record.uri?eid=2-s2.0-85146465964&doi=10.3390%2fsu142114278&partnerID=40&md5=778faa63b5310d8cf22158fc6a274bcc","Article","Final","All Open Access; Gold Open Access","Scopus","2-s2.0-85146465964"
"Gollier C.; Pouget S.","Gollier, Christian (7004141165); Pouget, Sébastien (17135493000)","7004141165; 17135493000","Investment Strategies and Corporate Behaviour with Socially Responsible Investors: A Theory of Active Ownership","2022","Economica","89","356","","997","1023","26","6","10.1111/ecca.12436","https://www.scopus.com/inward/record.uri?eid=2-s2.0-85133201045&doi=10.1111%2fecca.12436&partnerID=40&md5=22227bab69dc1a0c8ddce34167aa28ce","Article","Final","","Scopus","2-s2.0-85133201045"
"Grolleau G.; Mzoughi N.; Prost E.","Grolleau, Gilles (23968938600); Mzoughi, Naoufel (19639050500); Prost, Emilien (57565981900)","23968938600; 19639050500; 57565981900","The Timing of (Green) Incentives: Exploiting Opportunity Windows","2024","International Review of Environmental and Resource Economics","18","4","","491","521","30","0","10.1561/101.00000170","https://www.scopus.com/inward/record.uri?eid=2-s2.0-85198846452&doi=10.1561%2f101.00000170&partnerID=40&md5=d333afcad8361a755779667e72a134d1","Article","Final","All Open Access; Green Open Access","Scopus","2-s2.0-85198846452"
"Dinh J.M.; Isaak A.J.; Wehner M.C.","Dinh, Jeannette Mai (57934936300); Isaak, Andrew Jay (57041086800); Wehner, Marius Claus (36509185700)","57934936300; 57041086800; 36509185700","Sustainability-oriented crowdfunding: An integrative literature review","2024","Journal of Cleaner Production","448","","141579","","","","6","10.1016/j.jclepro.2024.141579","https://www.scopus.com/inward/record.uri?eid=2-s2.0-85187803117&doi=10.1016%2fj.jclepro.2024.141579&partnerID=40&md5=231f37a1e29b891611f4c623c1d0958b","Review","Final","All Open Access; Hybrid Gold Open Access","Scopus","2-s2.0-85187803117"
"Dreyer J.K.; Sund K.J.; Tatomir M.","Dreyer, Johannes K. (55752639900); Sund, Kristian J. (56608053700); Tatomir, Mirel (58174992700)","55752639900; 56608053700; 58174992700","Doing good in good times only? Uncertainty as contingency factor of warm-glow investment","2024","Research in International Business and Finance","71","","102446","","","","0","10.1016/j.ribaf.2024.102446","https://www.scopus.com/inward/record.uri?eid=2-s2.0-85197533149&doi=10.1016%2fj.ribaf.2024.102446&partnerID=40&md5=e87c0c4956cec55d7b4e396c90a5247a","Article","Final","All Open Access; Hybrid Gold Open Access","Scopus","2-s2.0-85197533149"
"Singh N.; Hong P.","Singh, Nitya (24784773300); Hong, Paul (7102301600)","24784773300; 7102301600","CSR, Risk Management Practices, and Performance Outcomes: An Empirical Investigation of Firms in Different Industries","2023","Journal of Risk and Financial Management","16","2","69","","","","4","10.3390/jrfm16020069","https://www.scopus.com/inward/record.uri?eid=2-s2.0-85148746209&doi=10.3390%2fjrfm16020069&partnerID=40&md5=68ae1a376646f3568439515248d2842a","Article","Final","All Open Access; Gold Open Access","Scopus","2-s2.0-85148746209"
"Abdi Y.; Li X.; Càmara-Turull X.","Abdi, Yaghoub (57220085421); Li, Xiaoni (44461550900); Càmara-Turull, Xavier (57128572100)","57220085421; 44461550900; 57128572100","Exploring the impact of sustainability (ESG) disclosure on firm value and financial performance (FP) in airline industry: the moderating role of size and age","2022","Environment, Development and Sustainability","24","4","","5052","5079","27","130","10.1007/s10668-021-01649-w","https://www.scopus.com/inward/record.uri?eid=2-s2.0-85111858235&doi=10.1007%2fs10668-021-01649-w&partnerID=40&md5=be6d59873c2a77e0cb6e09af6cfc48c9","Article","Final","All Open Access; Hybrid Gold Open Access","Scopus","2-s2.0-85111858235"
"Khan O.; Hinterhuber A.","Khan, Owais (57213821250); Hinterhuber, Andreas (6506057569)","57213821250; 6506057569","Antecedents and consequences of procurement managers' willingness to pay for sustainability: a multi-level perspective","2023","International Journal of Operations and Production Management","44","13","","1","33","32","2","10.1108/IJOPM-02-2023-0135","https://www.scopus.com/inward/record.uri?eid=2-s2.0-85181953656&doi=10.1108%2fIJOPM-02-2023-0135&partnerID=40&md5=9a9158cf6765092151931b6150f6ddde","Article","Final","All Open Access; Green Open Access; Hybrid Gold Open Access","Scopus","2-s2.0-85181953656"
"Nirino N.; Battisti E.; Ferraris A.; Dell'Atti S.; Briamonte M.F.","Nirino, Niccolò (57208864930); Battisti, Enrico (57188855623); Ferraris, Alberto (56168763600); Dell'Atti, Stefano (57410097100); Briamonte, Massimiliano Farina (57213677976)","57208864930; 57188855623; 56168763600; 57410097100; 57213677976","How and when corporate social performance reduces firm risk? The moderating role of corporate governance","2022","Corporate Social Responsibility and Environmental Management","29","6","","1995","2005","10","31","10.1002/csr.2296","https://www.scopus.com/inward/record.uri?eid=2-s2.0-85130293881&doi=10.1002%2fcsr.2296&partnerID=40&md5=8a1c79fd19dfd4fa4f09ccaf4673a960","Article","Final","All Open Access; Hybrid Gold Open Access","Scopus","2-s2.0-85130293881"
"Aksoy L.; Buoye A.J.; Fors M.; Keiningham T.L.; Rosengren S.","Aksoy, Lerzan (8572425500); Buoye, Alexander John (51061047000); Fors, Maja (57680060700); Keiningham, Timothy Lee (8572425700); Rosengren, Sara (15122957700)","8572425500; 51061047000; 57680060700; 8572425700; 15122957700","Environmental, Social and Governance (ESG) metrics do not serve services customers: a missing link between sustainability metrics and customer perceptions of social innovation","2022","Journal of Service Management","33","4-5","","565","577","12","19","10.1108/JOSM-11-2021-0428","https://www.scopus.com/inward/record.uri?eid=2-s2.0-85129668034&doi=10.1108%2fJOSM-11-2021-0428&partnerID=40&md5=fd2a36f4a507a92a96b263b927edd838","Article","Final","All Open Access; Hybrid Gold Open Access","Scopus","2-s2.0-85129668034"
"Matuszewska-Pierzynka A.; Mrzygłód U.; Pieloch-Babiarz A.","Matuszewska-Pierzynka, Agnieszka (57219346109); Mrzygłód, Urszula (56529667900); Pieloch-Babiarz, Aleksandra (57219148482)","57219346109; 56529667900; 57219148482","ESG performance and dividend stability of the world’s largest enterprises","2023","Journal of Entrepreneurship, Management and Innovation","19","4","","184","217","33","1","10.7341/20231946","https://www.scopus.com/inward/record.uri?eid=2-s2.0-85176816086&doi=10.7341%2f20231946&partnerID=40&md5=6b73119eccd96ea476ed8fbf28aec92d","Article","Final","All Open Access; Gold Open Access","Scopus","2-s2.0-85176816086"
"Gutsche G.; Wetzel H.; Ziegler A.","Gutsche, Gunnar (57195420680); Wetzel, Heike (26029005600); Ziegler, Andreas (25029373300)","57195420680; 26029005600; 25029373300","Determinants of individual sustainable investment behavior - A framed field experiment","2023","Journal of Economic Behavior and Organization","209","","","491","508","17","21","10.1016/j.jebo.2023.03.016","https://www.scopus.com/inward/record.uri?eid=2-s2.0-85151874733&doi=10.1016%2fj.jebo.2023.03.016&partnerID=40&md5=d0970e87f045b59d38559380d42c1d7c","Article","Final","All Open Access; Green Open Access","Scopus","2-s2.0-85151874733"
"Yang Y.; Jiang Y.","Yang, Yang (57207891266); Jiang, Yan (57200858877)","57207891266; 57200858877","Buyer-supplier CSR alignment and firm performance: A contingency theory perspective","2023","Journal of Business Research","154","","113340","","","","28","10.1016/j.jbusres.2022.113340","https://www.scopus.com/inward/record.uri?eid=2-s2.0-85139728330&doi=10.1016%2fj.jbusres.2022.113340&partnerID=40&md5=15cca0833c8e7afcace9cfe37b064486","Article","Final","All Open Access; Hybrid Gold Open Access","Scopus","2-s2.0-85139728330"
"Cheng Z.; Su Y.","Cheng, Zhonghua (56999606000); Su, Yang (58191470500)","56999606000; 58191470500","ESG and Chinese corporate OFDI","2024","Research in International Business and Finance","72","","102522","","","","0","10.1016/j.ribaf.2024.102522","https://www.scopus.com/inward/record.uri?eid=2-s2.0-85201187588&doi=10.1016%2fj.ribaf.2024.102522&partnerID=40&md5=a8b7e1521814aeb645d68bfdf2262336","Article","Final","","Scopus","2-s2.0-85201187588"
"Celse J.; Davies G.B.; Grolleau G.","Celse, Jérémy (55026057400); Davies, Greg B. (58683273500); Grolleau, Gilles (23968938600)","55026057400; 58683273500; 23968938600","Too Much of A Good Thing? Drawbacks of Stressing Measurement of Impact Investing","2023","Journal of Alternative Investments","26","2","","9","27","18","0","10.3905/jai.2023.1.194","https://www.scopus.com/inward/record.uri?eid=2-s2.0-85175861840&doi=10.3905%2fjai.2023.1.194&partnerID=40&md5=6a3835d7f5544b683c3e862b01cb5c15","Article","Final","","Scopus","2-s2.0-85175861840"
"Krahnen J.; Rocholl J.; Thum M.","Krahnen, Jan (6603130563); Rocholl, Jörg (24484948000); Thum, Marcel (6603867288)","6603130563; 24484948000; 6603867288","A Primer on Green Finance: From Wishful Thinking to Marginal Impact","2023","Review of Economics","74","1","","1","19","18","4","10.1515/roe-2023-0019","https://www.scopus.com/inward/record.uri?eid=2-s2.0-85153958256&doi=10.1515%2froe-2023-0019&partnerID=40&md5=1c7b972145efd5cb54299fea212c89bc","Article","Final","All Open Access; Green Open Access; Hybrid Gold Open Access","Scopus","2-s2.0-85153958256"
"Hervé F.; Marsat S.","Hervé, Fabrice (55836331600); Marsat, Sylvain (57204484679)","55836331600; 57204484679","Acting for good, being good or feeling good? Exploring factors influencing individual investors’ willingness to invest in green funds","2024","Finance Research Letters","67","","105736","","","","1","10.1016/j.frl.2024.105736","https://www.scopus.com/inward/record.uri?eid=2-s2.0-85197043103&doi=10.1016%2fj.frl.2024.105736&partnerID=40&md5=4c9f39fe11c939fd969c9c835d268eab","Article","Final","All Open Access; Hybrid Gold Open Access","Scopus","2-s2.0-85197043103"
"Dreyer J.K.; Smith W.","Dreyer, Johannes Kabderian (55752639900); Smith, William (7406470124)","55752639900; 7406470124","Altruism in Investor Preferences: A Catalyst for the Green Transition","2023","Ethical Economy","64","","","159","165","6","0","10.1007/978-3-031-26959-2_16","https://www.scopus.com/inward/record.uri?eid=2-s2.0-85152005011&doi=10.1007%2f978-3-031-26959-2_16&partnerID=40&md5=9d95a1c89cff1f01ea7aff2d03b4acb4","Book chapter","Final","","Scopus","2-s2.0-85152005011"
"Shiljas K.; Kumar D.","Shiljas, K. (57873642200); Kumar, Dilip (59083104900)","57873642200; 59083104900","The interplay of cash flow uncertainty and firm life cycle on sustainability disclosure","2024","Business Strategy and the Environment","","","","","","","0","10.1002/bse.3908","https://www.scopus.com/inward/record.uri?eid=2-s2.0-85201523553&doi=10.1002%2fbse.3908&partnerID=40&md5=270257fdfc624208752f5a4cc8ab48af","Article","Article in press","","Scopus","2-s2.0-85201523553"
"Han S.","Han, Shin (56116189100)","56116189100","Enlightened shared value: a new stakeholder approach to corporate social responsibility","2023","Social Responsibility Journal","19","1","","20","37","17","1","10.1108/SRJ-05-2021-0211","https://www.scopus.com/inward/record.uri?eid=2-s2.0-85119661470&doi=10.1108%2fSRJ-05-2021-0211&partnerID=40&md5=daf814fdae8e36607e42d6a6caed38db","Article","Final","","Scopus","2-s2.0-85119661470"
"Yamamura E.","Yamamura, Eiji (7003685151)","7003685151","THE EFFECT OF PROVIDING PEER INFORMATION ON EVALUATION FOR GENDER-EQUALIZED AND ESG-ORIENTED FIRMS: AN INTERNET SURVEY EXPERIMENT","2022","Singapore Economic Review","","","","","","","0","10.1142/S0217590822460031","https://www.scopus.com/inward/record.uri?eid=2-s2.0-85143436947&doi=10.1142%2fS0217590822460031&partnerID=40&md5=b6239e86e549de9a5afe11f1db96d417","Article","Article in press","All Open Access; Green Open Access","Scopus","2-s2.0-85143436947"
"Gonzalez-Perez M.A.; Cordova M.","Gonzalez-Perez, Maria Alejandra (22834292600); Cordova, Miguel (57216613494)","22834292600; 57216613494","Redefining multinational operations: The impact of CSR on international business policy","2024","Handbook of International Business Policy","","","","190","210","20","0","","https://www.scopus.com/inward/record.uri?eid=2-s2.0-85194126338&partnerID=40&md5=829f8e297fa1a08d0b3cf7d974bbef18","Book chapter","Final","","Scopus","2-s2.0-85194126338"
"Hasan M.B.; Verma R.; Sharma D.; Moghalles S.A.M.; Hasan S.A.S.","Hasan, Murad Baqis (57732765200); Verma, Ruchita (57719762700); Sharma, Dhanraj (57720192900); Moghalles, Sami A.M. (57918455400); Hasan, Saqr Ali Saleh (58879777000)","57732765200; 57719762700; 57720192900; 57918455400; 58879777000","The impact of environmental, social, and governance (ESG) practices on customer behavior towards the brand in light of digital transformation: perceptions of university students","2024","Cogent Business and Management","11","1","2371063","","","","1","10.1080/23311975.2024.2371063","https://www.scopus.com/inward/record.uri?eid=2-s2.0-85197728569&doi=10.1080%2f23311975.2024.2371063&partnerID=40&md5=111ebe7d59b4561d3da2a0a6628633c4","Article","Final","All Open Access; Gold Open Access","Scopus","2-s2.0-85197728569"
"Singh K.; Yadav J.; Kolar P.; Selvi S.","Singh, Kuldeep (57688287300); Yadav, Jitendra (57221601702); Kolar, Prasanna (57226316040); Selvi, S. (58132272200)","57688287300; 57221601702; 57226316040; 58132272200","CSR and Blockchain technology: A proposed model for sustainable growth","2022","2nd IEEE International Conference on Advanced Technologies in Intelligent Control, Environment, Computing and Communication Engineering, ICATIECE 2022","","","","","","","0","10.1109/ICATIECE56365.2022.10047647","https://www.scopus.com/inward/record.uri?eid=2-s2.0-85149569144&doi=10.1109%2fICATIECE56365.2022.10047647&partnerID=40&md5=a6dfea434ff0d6b2263db2c7346b1d47","Conference paper","Final","","Scopus","2-s2.0-85149569144"
"Nejati M.; Shafaei A.","Nejati, Mehran (23012852000); Shafaei, Azadeh (23013234600)","23012852000; 23013234600","Why do employees respond differently to corporate social responsibility? A study of substantive and symbolic corporate social responsibility","2023","Corporate Social Responsibility and Environmental Management","30","4","","2066","2080","14","13","10.1002/csr.2474","https://www.scopus.com/inward/record.uri?eid=2-s2.0-85150698388&doi=10.1002%2fcsr.2474&partnerID=40&md5=7dfaf58d84336e55eb9928d232162b4c","Article","Final","All Open Access; Hybrid Gold Open Access","Scopus","2-s2.0-85150698388"
"Chua N.; Miska C.; Mair J.; Stahl G.K.","Chua, Nathania (59286274600); Miska, Christof (37665575800); Mair, Johanna (35969477900); Stahl, Günter K. (8904494700)","59286274600; 37665575800; 35969477900; 8904494700","PURPOSE IN MANAGEMENT RESEARCH: NAVIGATING A COMPLEX AND FRAGMENTED AREA OF STUDY","2024","Academy of Management Annals","18","2","","755","787","32","2","10.5465/annals.2022.0186","https://www.scopus.com/inward/record.uri?eid=2-s2.0-85200053975&doi=10.5465%2fannals.2022.0186&partnerID=40&md5=daa864b213be5ebb39673baf20830c11","Article","Final","","Scopus","2-s2.0-85200053975"
"Gomez-Valencia M.; Gonzalez-Perez M.A.; Gomez-Trujillo A.M.","Gomez-Valencia, Manuela (57222866652); Gonzalez-Perez, Maria Alejandra (22834292600); Gomez-Trujillo, Ana Maria (57213607386)","57222866652; 22834292600; 57213607386","The “Six Ws” of sustainable development risks","2021","Business Strategy and the Environment","30","7","","3131","3144","13","14","10.1002/bse.2794","https://www.scopus.com/inward/record.uri?eid=2-s2.0-85104102537&doi=10.1002%2fbse.2794&partnerID=40&md5=4cd2b97a2d2eb47243f96ea52c09c738","Article","Final","","Scopus","2-s2.0-85104102537"
"Bax K.; Broccardo E.; Paterlini S.","Bax, Karoline (57224641552); Broccardo, Eleonora (55911831300); Paterlini, Sandra (6506617467)","57224641552; 55911831300; 6506617467","Environmental, social, and governance factor and financial returns: what is the relationship? Investigating environmental, social, and governance factor models","2024","Current Opinion in Environmental Sustainability","66","","101398","","","","2","10.1016/j.cosust.2023.101398","https://www.scopus.com/inward/record.uri?eid=2-s2.0-85181910308&doi=10.1016%2fj.cosust.2023.101398&partnerID=40&md5=1c9a2ec862a3beff48b02e2661f46be1","Review","Final","","Scopus","2-s2.0-85181910308"
"Tatomir M.; Kabderian Dreyer J.; Sund K.J.; Yu J.","Tatomir, Mirel (58174992700); Kabderian Dreyer, Johannes (55752639900); Sund, Kristian J. (56608053700); Yu, Jiang (55682120100)","58174992700; 55752639900; 56608053700; 55682120100","Warm-Glow Investing and the Greenwashing Hypothesis","2023","Journal of Cleaner Production","419","","138229","","","","4","10.1016/j.jclepro.2023.138229","https://www.scopus.com/inward/record.uri?eid=2-s2.0-85166281874&doi=10.1016%2fj.jclepro.2023.138229&partnerID=40&md5=991b6ee68625d50bd0f5b3c420e816a6","Article","Final","All Open Access; Hybrid Gold Open Access","Scopus","2-s2.0-85166281874"
"Kleffel P.; Muck M.","Kleffel, Philipp (57983252400); Muck, Matthias (35237708500)","57983252400; 35237708500","The confusion of taste and consumption: Evidence from a stated-choice experiment","2024","Journal of Behavioral and Experimental Finance","43","","100964","","","","0","10.1016/j.jbef.2024.100964","https://www.scopus.com/inward/record.uri?eid=2-s2.0-85201758828&doi=10.1016%2fj.jbef.2024.100964&partnerID=40&md5=4ef4374955d5b93fd84e73b2a18a8384","Article","Final","","Scopus","2-s2.0-85201758828"
"Buckley P.J.","Buckley, Peter J. (7202909430)","7202909430","The social purpose of the modern business corporation","2021","Annals of Corporate Governance","6","1","","1","89","88","6","10.1561/109.00000026","https://www.scopus.com/inward/record.uri?eid=2-s2.0-85114603683&doi=10.1561%2f109.00000026&partnerID=40&md5=b500663b18522a113e5f19af63191a78","Article","Final","All Open Access; Gold Open Access","Scopus","2-s2.0-85114603683"
"Hervé F.; Marsat S.","Hervé, Fabrice (55836331600); Marsat, Sylvain (57204484679)","55836331600; 57204484679","Eco-anxiety, connectedness to nature, and green equity investments","2023","Economics Bulletin","43","3","","1485","1492","7","0","","https://www.scopus.com/inward/record.uri?eid=2-s2.0-85196028369&partnerID=40&md5=3d8c450e95bf1684185b1fc338b651b0","Article","Final","","Scopus","2-s2.0-85196028369"
"Valadkhani A.; O'Mahony B.","Valadkhani, Abbas (6506490711); O'Mahony, Barry (55962279300)","6506490711; 55962279300","Sustainable investing in extreme market conditions: doing well while doing good","2024","Journal of Economic Studies","","","","","","","0","10.1108/JES-11-2023-0626","https://www.scopus.com/inward/record.uri?eid=2-s2.0-85193219379&doi=10.1108%2fJES-11-2023-0626&partnerID=40&md5=bbe5c7d809b71ef96fbf3f99507edf48","Article","Article in press","","Scopus","2-s2.0-85193219379"
"An J.; Briley D.; Danziger S.; Levi S.","An, Jake (57202039964); Briley, Donnel (11240809600); Danziger, Shai (7003735588); Levi, Shai (56162073900)","57202039964; 11240809600; 7003735588; 56162073900","The Impact of Social Investing on Charitable Donations","2023","Management Science","69","2","","1264","1274","10","5","10.1287/mnsc.2022.4339","https://www.scopus.com/inward/record.uri?eid=2-s2.0-85149182199&doi=10.1287%2fmnsc.2022.4339&partnerID=40&md5=84ddbbe546dcc6cfe6ba9c26ce883d42","Article","Final","","Scopus","2-s2.0-85149182199"
"Mainardes E.W.; dos Santos J.S.","Mainardes, Emerson Wagner (35764807800); dos Santos, Julio Simão (58790324600)","35764807800; 58790324600","The Effects on Corporate Reputation of Corporate Social Irresponsibility, Philanthropy, and Customer Value Orientation","2023","Corporate Reputation Review","","","","","","","0","10.1057/s41299-023-00173-z","https://www.scopus.com/inward/record.uri?eid=2-s2.0-85181192848&doi=10.1057%2fs41299-023-00173-z&partnerID=40&md5=5ba69a1c1b437088ac419d45a6f733f9","Article","Article in press","","Scopus","2-s2.0-85181192848"
"Mohieldin M.; Wahba S.; Gonzalez-Perez M.A.; Shehata M.","Mohieldin, Mahmoud (55525691700); Wahba, Sameh (57205613733); Gonzalez-Perez, Maria Alejandra (22834292600); Shehata, Miral (58245460000)","55525691700; 57205613733; 22834292600; 58245460000","Business, Government and the SDGs: The Role of Public-Private Engagement in Building a Sustainable Future","2022","Business, Government and the SDGs: The Role of Public-Private Engagement in Building a Sustainable Future","","","","1","162","161","3","10.1007/978-3-031-11196-9","https://www.scopus.com/inward/record.uri?eid=2-s2.0-85159109252&doi=10.1007%2f978-3-031-11196-9&partnerID=40&md5=bd347c01999b480e26ae261ccfaebe62","Book","Final","","Scopus","2-s2.0-85159109252"
"Kim H.M.; Lee I.-H.; Joo K.; Lee J.; Hwang J.","Kim, Heather Markham (57298775500); Lee, In-Hye (57762900900); Joo, Kyuhyeon (57487338300); Lee, Junghoon (57268973000); Hwang, Jinsoo (36052898700)","57298775500; 57762900900; 57487338300; 57268973000; 36052898700","Psychological Benefits of Purchasing Home Meal Replacement in the Context of Eco-Friendly TV Home Shopping Broadcast: The Moderating Role of Personal Norm","2022","International Journal of Environmental Research and Public Health","19","13","7759","","","","5","10.3390/ijerph19137759","https://www.scopus.com/inward/record.uri?eid=2-s2.0-85132783155&doi=10.3390%2fijerph19137759&partnerID=40&md5=98b0b349781dd9099d53fbe1b7e25061","Article","Final","All Open Access; Gold Open Access","Scopus","2-s2.0-85132783155"
"Ning Y.; Bin Ismail H.; Piew L.K.","Ning, Yang (58687575800); Bin Ismail, Hishamuddin (58687758800); Piew, Lai Kim (58688118600)","58687575800; 58687758800; 58688118600","When Corporate Social Responsibility Pays Off: The Power of Effective Communication for Customer Satisfaction","2023","International Journal of Technology","14","6","","1354","1366","12","1","10.14716/ijtech.v14i6.6641","https://www.scopus.com/inward/record.uri?eid=2-s2.0-85176273248&doi=10.14716%2fijtech.v14i6.6641&partnerID=40&md5=6a4aa4e7056893c2cf95b323d8fb269c","Article","Final","All Open Access; Gold Open Access","Scopus","2-s2.0-85176273248"
"Siemroth C.; Hornuf L.","Siemroth, Christoph (57189583106); Hornuf, Lars (35621810000)","57189583106; 35621810000","Why Do Retail Investors Pick Green Investments? A Lab-in-the-Field Experiment with Crowdfunders","2023","Journal of Economic Behavior and Organization","209","","","74","90","16","10","10.1016/j.jebo.2023.02.023","https://www.scopus.com/inward/record.uri?eid=2-s2.0-85149842637&doi=10.1016%2fj.jebo.2023.02.023&partnerID=40&md5=88d9babd00861e79f1575e8b43baab84","Article","Final","All Open Access; Green Open Access; Hybrid Gold Open Access","Scopus","2-s2.0-85149842637"
"Dawkins C.E.; Youm Y.N.","Dawkins, Cedric E. (24340920400); Youm, Yoo Na (57195239698)","24340920400; 57195239698","Keeping them honest? Exploring the impact of labor unions on CSR","2024","Social Responsibility Journal","20","7","","1300","1316","16","1","10.1108/SRJ-12-2023-0695","https://www.scopus.com/inward/record.uri?eid=2-s2.0-85190376368&doi=10.1108%2fSRJ-12-2023-0695&partnerID=40&md5=0247507e0ada5ab23af10bcee674eda9","Article","Final","","Scopus","2-s2.0-85190376368"
"Magner N.; Lavín J.F.; Valle M.A.","Magner, Nicolás (57191337102); Lavín, Jaime F. (57191333265); Valle, Mauricio A. (55100663900)","57191337102; 57191333265; 55100663900","Modeling Synchronization Risk among Sustainable Exchange Trade Funds: A Statistical and Network Analysis Approach","2022","Mathematics","10","19","3598","","","","3","10.3390/math10193598","https://www.scopus.com/inward/record.uri?eid=2-s2.0-85139752314&doi=10.3390%2fmath10193598&partnerID=40&md5=03ec5b711e92252ee80938ee1881f823","Article","Final","All Open Access; Gold Open Access","Scopus","2-s2.0-85139752314"
"Tahmid T.; Hoque M.N.; Said J.; Saona P.; Azad M.A.K.","Tahmid, Tahani (57222389666); Hoque, Muhammad Nazmul (57226835564); Said, Jamaliah (35099398700); Saona, Paolo (36099519900); Azad, Md. Abul Kalam (56494514000)","57222389666; 57226835564; 35099398700; 36099519900; 56494514000","Does ESG initiatives yield greater firm value and performance? New evidence from European firms","2022","Cogent Business and Management","9","1","2144098","","","","17","10.1080/23311975.2022.2144098","https://www.scopus.com/inward/record.uri?eid=2-s2.0-85142352926&doi=10.1080%2f23311975.2022.2144098&partnerID=40&md5=dbdc8f9f792fb186f55cd14b79bed014","Article","Final","All Open Access; Gold Open Access","Scopus","2-s2.0-85142352926"
"Ogishima H.; Ito A.; Kajimura S.; Himichi T.","Ogishima, Hiroyoshi (57208757048); Ito, Ayahito (36657297600); Kajimura, Shogo (55743744400); Himichi, Toshiyuki (55220137200)","57208757048; 36657297600; 55743744400; 55220137200","Validity and reliability of the Japanese version of the sustainability consciousness questionnaire","2023","Frontiers in Psychology","14","","1130550","","","","2","10.3389/fpsyg.2023.1130550","https://www.scopus.com/inward/record.uri?eid=2-s2.0-85151307673&doi=10.3389%2ffpsyg.2023.1130550&partnerID=40&md5=7d60fc48c12d9a7ceee4de716ca5d234","Article","Final","All Open Access; Gold Open Access; Green Open Access","Scopus","2-s2.0-85151307673"
"Sipilä J.; Alavi S.; Edinger-Schons L.M.; Dörfer S.; Schmitz C.","Sipilä, Jenni (57190621828); Alavi, Sascha (37113783700); Edinger-Schons, Laura Marie (55789971100); Dörfer, Sabrina (57222035670); Schmitz, Christian (23393961400)","57190621828; 37113783700; 55789971100; 57222035670; 23393961400","Corporate social responsibility in luxury contexts: potential pitfalls and how to overcome them","2021","Journal of the Academy of Marketing Science","49","2","","280","303","23","42","10.1007/s11747-020-00755-x","https://www.scopus.com/inward/record.uri?eid=2-s2.0-85101163943&doi=10.1007%2fs11747-020-00755-x&partnerID=40&md5=db9bcc49812cfe3f2c9d828beb5ad288","Article","Final","All Open Access; Green Open Access; Hybrid Gold Open Access","Scopus","2-s2.0-85101163943"
"Guerreiro J.; Pacheco M.","Guerreiro, João (57201342913); Pacheco, Mariana (57226323122)","57201342913; 57226323122","How green trust, consumer brand engagement and green word-of-mouth mediate purchasing intentions","2021","Sustainability (Switzerland)","13","14","7877","","","","53","10.3390/su13147877","https://www.scopus.com/inward/record.uri?eid=2-s2.0-85111108698&doi=10.3390%2fsu13147877&partnerID=40&md5=b437596b7caeeea263c116b1f3c9af69","Article","Final","All Open Access; Gold Open Access","Scopus","2-s2.0-85111108698"
"Rousselière D.; Bouchard M.J.","Rousselière, Damien (35174874100); Bouchard, Marie J. (13205217600)","35174874100; 13205217600","The crowding out or crowding effects on the social economy public policies: A montreal empirical analysis; [Effets d'éviction ou de renforcement des politiques publiques á destination de l'économie sociale: Une analyse de Montréal]","2011","Revue Economique","62","5","","941","955","14","1","10.3917/reco.625.0941","https://www.scopus.com/inward/record.uri?eid=2-s2.0-80655139740&doi=10.3917%2freco.625.0941&partnerID=40&md5=52bb9b8d6fd2946d7f8902050e7f4d34","Article","Final","All Open Access; Bronze Open Access","Scopus","2-s2.0-80655139740"
"Wang T.; Malik S.; Wales W.J.","Wang, Taiyuan (55193717500); Malik, Sumeet (57203868326); Wales, William J. (37065384200)","55193717500; 57203868326; 37065384200","When entrepreneurial rhetoric meets strict regulations: Implications for the valuation of health science firms","2021","Strategic Entrepreneurship Journal","15","2","","209","230","21","12","10.1002/sej.1396","https://www.scopus.com/inward/record.uri?eid=2-s2.0-85102368688&doi=10.1002%2fsej.1396&partnerID=40&md5=5e261c401a3ce6bf007cae991d6b4449","Article","Final","All Open Access; Hybrid Gold Open Access","Scopus","2-s2.0-85102368688"
"García-Benau M.A.; Gambetta N.; Sierra-García L.","García-Benau, María Antonia (55363943900); Gambetta, Nicolás (56518284000); Sierra-García, Laura (55862217300)","55363943900; 56518284000; 55862217300","Financial risk management and sustainability","2021","Sustainability (Switzerland)","13","15","8300","","","","7","10.3390/su13158300","https://www.scopus.com/inward/record.uri?eid=2-s2.0-85111437733&doi=10.3390%2fsu13158300&partnerID=40&md5=ffd046086a1de44813ff4817075d4ab4","Editorial","Final","All Open Access; Gold Open Access","Scopus","2-s2.0-85111437733"
"Christensen H.B.; Hail L.; Leuz C.","Christensen, Hans B. (23003573900); Hail, Luzi (14021009400); Leuz, Christian (6602397487)","23003573900; 14021009400; 6602397487","Mandatory CSR and sustainability reporting: economic analysis and literature review","2021","Review of Accounting Studies","26","3","","1176","1248","72","358","10.1007/s11142-021-09609-5","https://www.scopus.com/inward/record.uri?eid=2-s2.0-85111709261&doi=10.1007%2fs11142-021-09609-5&partnerID=40&md5=a453351f112b771005ec3985b5df22ed","Article","Final","All Open Access; Hybrid Gold Open Access","Scopus","2-s2.0-85111709261"
"Kolcava D.; Scholderer J.; Bernauer T.","Kolcava, Dennis (57209506683); Scholderer, Joachim (6603205472); Bernauer, Thomas (6602110388)","57209506683; 6603205472; 6602110388","Do citizens provide political rewards to firms engaging in voluntary environmental action?","2021","Journal of Cleaner Production","279","","123564","","","","10","10.1016/j.jclepro.2020.123564","https://www.scopus.com/inward/record.uri?eid=2-s2.0-85090922265&doi=10.1016%2fj.jclepro.2020.123564&partnerID=40&md5=95e3a3143f3a2b83d14fa23dd1cf8ea4","Article","Final","All Open Access; Hybrid Gold Open Access","Scopus","2-s2.0-85090922265"
"Liang H.; Renneboog L.","Liang, Hao (56623723900); Renneboog, Luc (6506269193)","56623723900; 6506269193","Corporate donations and shareholder value","2017","Oxford Review of Economic Policy","33","2","","278","316","38","63","10.1093/oxrep/grx024","https://www.scopus.com/inward/record.uri?eid=2-s2.0-85027302117&doi=10.1093%2foxrep%2fgrx024&partnerID=40&md5=a1071828c80139213039f89135fd5942","Article","Final","All Open Access; Bronze Open Access","Scopus","2-s2.0-85027302117"
"Tanaka H.","Tanaka, Hiroshige (56141332800)","56141332800","Sustainability of global communities and regional risk governance","2017","Asia-Pacific Journal of Regional Science","1","2","","639","653","14","4","10.1007/s41685-017-0057-x","https://www.scopus.com/inward/record.uri?eid=2-s2.0-85100642329&doi=10.1007%2fs41685-017-0057-x&partnerID=40&md5=378f54d49c8622907c7e76c1e0a3cd1d","Article","Final","","Scopus","2-s2.0-85100642329"
"Li J.; Wu D.","Li, Jun (56370104500); Wu, Di (57219013063)","56370104500; 57219013063","Do corporate social responsibility engagements lead to real environmental, social, and governance impact?","2020","Management Science","66","6","","2564","2588","24","101","10.1287/mnsc.2019.3324","https://www.scopus.com/inward/record.uri?eid=2-s2.0-85087873525&doi=10.1287%2fmnsc.2019.3324&partnerID=40&md5=6075c1bb6984945ce5c8a7f2555ee3da","Article","Final","","Scopus","2-s2.0-85087873525"
"Mitchell S.","Mitchell, Sarah (57295013200)","57295013200","Charity management: Leadership, evolution, and change","2021","Charity Management: Leadership, Evolution, and Change","","","","1","160","159","1","10.4324/9781003139089","https://www.scopus.com/inward/record.uri?eid=2-s2.0-85117023186&doi=10.4324%2f9781003139089&partnerID=40&md5=3b07c03da16e17d53f6c923cdbdf4fea","Book","Final","","Scopus","2-s2.0-85117023186"
"Borzaga C.; Tortia E.","Borzaga, Carlo (55933100300); Tortia, Ermanno (24759626500)","55933100300; 24759626500","The economics of social responsibility: The world of social enterprises","2010","The Economics of Social Responsibility: The World of Social Enterprises","","","","1","258","257","26","10.4324/9780203851029","https://www.scopus.com/inward/record.uri?eid=2-s2.0-84917124358&doi=10.4324%2f9780203851029&partnerID=40&md5=2ad7a51118d986d6d704a3174c749019","Book","Final","","Scopus","2-s2.0-84917124358"
"Freundt J.; Lange A.","Freundt, Jana (57195241083); Lange, Andreas (9632467900)","57195241083; 9632467900","On the voluntary provision of public goods under risk","2021","Journal of Behavioral and Experimental Economics ","93","","101727","","","","5","10.1016/j.socec.2021.101727","https://www.scopus.com/inward/record.uri?eid=2-s2.0-85107953237&doi=10.1016%2fj.socec.2021.101727&partnerID=40&md5=f34cd477754fac9903a489b2d75e4af5","Article","Final","All Open Access; Hybrid Gold Open Access","Scopus","2-s2.0-85107953237"
"Doś A.; Foltyn-Zarychta M.","Doś, Anna (57245595000); Foltyn-Zarychta, Monika (57105843400)","57245595000; 57105843400","Socially Responsible Investment and Fiduciary Duties of Mutual Funds","2018","CSR, Sustainability, Ethics and Governance","","","","305","320","15","0","10.1007/978-3-319-70007-6_15","https://www.scopus.com/inward/record.uri?eid=2-s2.0-85130906503&doi=10.1007%2f978-3-319-70007-6_15&partnerID=40&md5=29f1cbc3976e608c088d56f97c2a7cf6","Book chapter","Final","","Scopus","2-s2.0-85130906503"
"Li Q.; Li R.","Li, Qianbing (36801942200); Li, Ran (57215611134)","36801942200; 57215611134","Influence of charity motivation of family business on charity behaviour: An analysis based on psychological distance","2020","Revista Argentina de Clinica Psicologica","29","2","","83","89","6","0","10.24205/03276716.2020.209","https://www.scopus.com/inward/record.uri?eid=2-s2.0-85081339626&doi=10.24205%2f03276716.2020.209&partnerID=40&md5=207a0c3219cec0dd4f5c2410ad3522e6","Article","Final","All Open Access; Gold Open Access","Scopus","2-s2.0-85081339626"
"Ordóñez-Castaño I.A.; Herrera-Rodríguez E.E.; Ricaurte A.M.F.; Mejía L.E.P.","Ordóñez-Castaño, Iván Andrés (57216930268); Herrera-Rodríguez, Edila Eudemia (56957212000); Ricaurte, Angélica María Franco (57223985697); Mejía, Luis Enrique Perdomo (57214332661)","57216930268; 56957212000; 57223985697; 57214332661","Voluntary disclosure of gri and csr environmental criteria in colombian companies","2021","Sustainability (Switzerland)","13","10","5405","","","","7","10.3390/su13105405","https://www.scopus.com/inward/record.uri?eid=2-s2.0-85106599255&doi=10.3390%2fsu13105405&partnerID=40&md5=3bec8e037784015ca596fc6be66c840e","Article","Final","All Open Access; Gold Open Access","Scopus","2-s2.0-85106599255"
"Liou R.-S.; Rao-Nicholson R.","Liou, Ru-Shiun (55913397700); Rao-Nicholson, Rekha (57019864200)","55913397700; 57019864200","Multinational enterprises and Sustainable Development Goals: A foreign subsidiary perspective on tackling wicked problems","2021","Journal of International Business Policy","4","1","","136","151","15","36","10.1057/s42214-020-00080-8","https://www.scopus.com/inward/record.uri?eid=2-s2.0-85116358471&doi=10.1057%2fs42214-020-00080-8&partnerID=40&md5=61fe504f714f0a5e776c1986595d73dd","Article","Final","All Open Access; Bronze Open Access","Scopus","2-s2.0-85116358471"
"Hartzmark S.M.; Sussman A.B.","Hartzmark, Samuel M. (55705276300); Sussman, Abigail B. (36618122200)","55705276300; 36618122200","Do Investors Value Sustainability? A Natural Experiment Examining Ranking and Fund Flows","2019","Journal of Finance","74","6","","2789","2837","48","475","10.1111/jofi.12841","https://www.scopus.com/inward/record.uri?eid=2-s2.0-85067659841&doi=10.1111%2fjofi.12841&partnerID=40&md5=be987447c50e713c099e6b4f037fa8d5","Article","Final","","Scopus","2-s2.0-85067659841"
"Hajer J.; Loxley J.","Hajer, Jesse (57203447972); Loxley, John (6506409479)","57203447972; 6506409479","Social Service, Private Gain The Political Economy of Social Impact Bonds","2021","Social Service, Private Gain The Political Economy of Social Impact Bonds","","","","1","40","39","5","","https://www.scopus.com/inward/record.uri?eid=2-s2.0-85110964795&partnerID=40&md5=eb043c0d6db30b8ce02b1fcb86a6b832","Book","Final","","Scopus","2-s2.0-85110964795"
"Pompper D.","Pompper, Donnalyn (6507625960)","6507625960","Corporate social responsibility, sustainability and public relations: Negotiating multiple complex challenges","2015","Corporate Social Responsibility, Sustainability and Public Relations: Negotiating Multiple Complex Challenges","","","","1","198","197","47","10.4324/9780203733875","https://www.scopus.com/inward/record.uri?eid=2-s2.0-84956846327&doi=10.4324%2f9780203733875&partnerID=40&md5=78a624d27b0327787e009cea35751a70","Book","Final","","Scopus","2-s2.0-84956846327"
"Sheth J.N.; Parvatiyar A.","Sheth, Jagdish N. (7004271172); Parvatiyar, Atul (6507633946)","7004271172; 6507633946","Sustainable Marketing: Market-Driving, Not Market-Driven","2021","Journal of Macromarketing","41","1","","150","165","15","122","10.1177/0276146720961836","https://www.scopus.com/inward/record.uri?eid=2-s2.0-85091410854&doi=10.1177%2f0276146720961836&partnerID=40&md5=43cc93eb08e669ef0937b0bb05d0f8db","Article","Final","","Scopus","2-s2.0-85091410854"
"Barber B.M.; Morse A.; Yasuda A.","Barber, Brad M. (7102896501); Morse, Adair (16069094700); Yasuda, Ayako (22137153600)","7102896501; 16069094700; 22137153600","Impact investing","2021","Journal of Financial Economics","139","1","","162","185","23","204","10.1016/j.jfineco.2020.07.008","https://www.scopus.com/inward/record.uri?eid=2-s2.0-85089577275&doi=10.1016%2fj.jfineco.2020.07.008&partnerID=40&md5=a2dc4a7396a098e4fd43aa422beb7265","Article","Final","","Scopus","2-s2.0-85089577275"
"Capelli S.; Sabadie W.; Séguin M.","Capelli, Sonia (57189294901); Sabadie, William (57195807541); Séguin, Michel (55246900300)","57189294901; 57195807541; 55246900300","La différence coopérative fait-elle la différence pour les consommateurs ?","2019","Revue Francaise de Gestion","45","280","","29","54","25","5","10.3166/rfg.2019.00346","https://www.scopus.com/inward/record.uri?eid=2-s2.0-85072738114&doi=10.3166%2frfg.2019.00346&partnerID=40&md5=518f88c5cfa9f61db2a93b1d0b9fbe98","Article","Final","","Scopus","2-s2.0-85072738114"
"Bauer R.; Ruof T.; Smeets P.","Bauer, Rob (8371215900); Ruof, Tobias (57260396400); Smeets, Paul (56719295800)","8371215900; 57260396400; 56719295800","Get Real! Individuals Prefer More Sustainable Investments","2021","Review of Financial Studies","34","8","","3976","4043","67","104","10.1093/rfs/hhab037","https://www.scopus.com/inward/record.uri?eid=2-s2.0-85114996508&doi=10.1093%2frfs%2fhhab037&partnerID=40&md5=2a10faa86ad965ddfa926cc54ad09802","Article","Final","All Open Access; Green Open Access; Hybrid Gold Open Access","Scopus","2-s2.0-85114996508"
"Bennett R.M.; Blaney R.J.P.","Bennett, Richard M. (55426170900); Blaney, Ralph J.P. (6602174416)","55426170900; 6602174416","Estimating the benefits of farm animal welfare legislation using the contingent valuation method","2003","Agricultural Economics","29","1","","85","98","13","73","10.1016/S0169-5150(03)00037-9","https://www.scopus.com/inward/record.uri?eid=2-s2.0-0043270526&doi=10.1016%2fS0169-5150%2803%2900037-9&partnerID=40&md5=f6983084180256c23ca6ede0b12b64c5","Article","Final","All Open Access; Green Open Access","Scopus","2-s2.0-0043270526"
